{
  "class": "plate",
  "model_file": "models\\plate\\plate.stl",
  "unit": "mm",
  "vertex_count": 6318,
  "bounds_min": [
    -43.77519989013672,
    -43.77519989013672,
    0.0
  ],
  "bounds_max": [
    43.77519989013672,
    43.77519989013672,
    18.0
  ],
  "size": {
    "x": 87.55039978027344,
    "y": 87.55039978027344,
    "z": 18.0
  },
  "center": [
    0.0,
    0.0,
    9.0
  ],
  "corners_order": [
    "xmin,ymin,zmin",
    "xmax,ymin,zmin",
    "xmax,ymax,zmin",
    "xmin,ymax,zmin",
    "xmin,ymin,zmax",
    "xmax,ymin,zmax",
    "xmax,ymax,zmax",
    "xmin,ymax,zmax"
  ],
  "corners_3d": [
    [
      -43.77519989013672,
      -43.77519989013672,
      0.0
    ],
    [
      43.77519989013672,
      -43.77519989013672,
      0.0
    ],
    [
      43.77519989013672,
      43.77519989013672,
      0.0
    ],
    [
      -43.77519989013672,
      43.77519989013672,
      0.0
    ],
    [
      -43.77519989013672,
      -43.77519989013672,
      18.0
    ],
    [
      43.77519989013672,
      -43.77519989013672,
      18.0
    ],
    [
      43.77519989013672,
      43.77519989013672,
      18.0
    ],
    [
      -43.77519989013672,
      43.77519989013672,
      18.0
    ]
  ]
}